{"cameraMode":{"drawMode":0,"name":"Shaded","section":"Shading Mode"},"sceneLighting":true,"audioPlay":false,"sceneViewState":{"showFog":false,"showMaterialUpdate":false,"showSkybox":false,"showFlares":false,"showImageEffects":false,"showParticleSystems":false},"in2DMode":false,"pivot":{"x":-1.236221432685852,"y":-2.6438398361206056,"z":-1.3458611965179444},"rotation":{"x":-0.09147224575281143,"y":0.9021384119987488,"z":-0.3491898775100708,"w":-0.23632027208805085},"size":4.613284111022949,"orthographic":false}