{"cameraMode":{"drawMode":0,"name":"Shaded","section":"Shading Mode"},"sceneLighting":true,"audioPlay":false,"sceneViewState":{"showFog":false,"showMaterialUpdate":false,"showSkybox":false,"showFlares":false,"showImageEffects":false,"showParticleSystems":false},"in2DMode":false,"pivot":{"x":-1.0510950088500977,"y":-2.993130683898926,"z":-1.085071086883545},"rotation":{"x":-0.09147224575281143,"y":0.9021384119987488,"z":-0.3491898775100708,"w":-0.23632027208805085},"size":6.3637614250183109,"orthographic":false}